variable,count,mean,std,min,25%,50%,75%,max,original
dummy1,1000.0,0.0001910923771170253,0.011271717612248306,-0.0362103331602909,-0.007386091282694125,-0.0001858686954285,0.0076010383772846,0.0375282556933314,-0.0104800524712516
dummy2,1000.0,-0.0003758725953780792,0.008839126018007508,-0.0248527734431078,-0.00615966142307165,-0.0004634001303771,0.00510971388116035,0.0277542142136404,-0.0003956106783746
x1,1000.0,0.09204065167358484,3.1037450963578417,-11.302621979080635,-1.8302828146055132,0.23562568863209943,2.107631386742849,28.20274893738451,28.20274893738451
x2,1000.0,0.09131050633693052,8.073317385730412,-20.480379746846403,-5.215053893193927,-0.14123256367195974,5.970177872524369,75.05006158338215,75.05006158338215
x3,1000.0,0.10067710303845251,1.9117249663346005,-5.937008470227493,-1.1327484504698027,0.0942932789710525,1.324564169691902,17.75584578863205,17.75584578863205
